{
  "version": 1,
  "author": "Madhu priya",
  "editor": "wokwi",
  "parts": [
    { "type": "board-esp32-devkit-c-v4", "id": "esp", "top": -29.94, "left": 179.3, "attrs": {} },
    {
      "type": "wokwi-pir-motion-sensor",
      "id": "pir1",
      "top": 211.2,
      "left": 185.18,
      "rotate": 180,
      "attrs": {}
    },
    { "type": "wokwi-servo", "id": "servo1", "top": 17.2, "left": 336, "attrs": {} },
    { "type": "wokwi-lcd1602", "id": "lcd1", "top": -25.37, "left": -176, "attrs": {} },
    {
      "type": "wokwi-potentiometer",
      "id": "pot1",
      "top": 232.5,
      "left": -162.2,
      "rotate": 180,
      "attrs": {}
    },
    {
      "type": "wokwi-resistor",
      "id": "r1",
      "top": 272.75,
      "left": -38.4,
      "rotate": 90,
      "attrs": { "value": "220000" }
    }
  ],
  "connections": [
    [ "esp:TX", "$serialMonitor:RX", "", [] ],
    [ "esp:RX", "$serialMonitor:TX", "", [] ],
    [ "pir1:VCC", "esp:5V", "red", [ "v-19.2", "h67.2", "v-9.6" ] ],
    [ "pir1:GND", "esp:GND.1", "black", [ "v-28.8", "h0.26" ] ],
    [ "pir1:OUT", "esp:27", "green", [ "v0" ] ],
    [ "servo1:V+", "esp:5V", "green", [ "h0" ] ],
    [ "servo1:GND", "esp:GND.1", "black", [ "h-28.8", "v28.8", "h-9.6" ] ],
    [ "servo1:PWM", "esp:13", "green", [ "h-86.4", "v-9.4" ] ],
    [ "lcd1:RS", "esp:23", "green", [ "v19.2", "h249.9", "v-172.8", "h153.6", "v57.6" ] ],
    [ "lcd1:E", "esp:22", "green", [ "v28.8", "h240", "v-172.8", "h153.6", "v57.6" ] ],
    [ "lcd1:D4", "esp:21", "green", [ "v38.4", "h201.6", "v-201.6", "h153.6", "v105.6" ] ],
    [ "lcd1:D5", "esp:19", "green", [ "v48", "h201.7", "v-172.8", "h153.6", "v28.8" ] ],
    [ "lcd1:D6", "esp:18", "green", [ "v9.6", "h201.8", "v-48" ] ],
    [ "lcd1:D7", "esp:5", "green", [ "v57.6", "h192.3", "v-67.2" ] ],
    [ "lcd1:RW", "esp:GND.1", "green", [ "v0" ] ],
    [ "lcd1:VSS", "esp:GND.1", "green", [ "v0" ] ],
    [ "lcd1:VDD", "esp:5V", "green", [ "v0" ] ],
    [ "pot1:VCC", "esp:5V", "red", [ "v-57.6", "h288.8" ] ],
    [ "lcd1:V0", "pot1:SIG", "green", [ "v0" ] ],
    [ "pot1:GND", "esp:GND.1", "black", [ "v0" ] ],
    [ "lcd1:A", "r1:1", "green", [ "v0" ] ],
    [ "r1:2", "esp:5V", "green", [ "h18.65", "v-105.95", "h182.4" ] ],
    [ "lcd1:K", "esp:GND.1", "green", [ "v0" ] ]
  ],
  "dependencies": {}
}